-- MySQL dump 10.13  Distrib 5.5.41, for debian-linux-gnu (x86_64)
--
-- Host: localhost    Database: booking
-- ------------------------------------------------------
-- Server version	5.5.41-0ubuntu0.14.04.1

/*!40101 SET @OLD_CHARACTER_SET_CLIENT=@@CHARACTER_SET_CLIENT */;
/*!40101 SET @OLD_CHARACTER_SET_RESULTS=@@CHARACTER_SET_RESULTS */;
/*!40101 SET @OLD_COLLATION_CONNECTION=@@COLLATION_CONNECTION */;
/*!40101 SET NAMES utf8 */;
/*!40103 SET @OLD_TIME_ZONE=@@TIME_ZONE */;
/*!40103 SET TIME_ZONE='+00:00' */;
/*!40014 SET @OLD_UNIQUE_CHECKS=@@UNIQUE_CHECKS, UNIQUE_CHECKS=0 */;
/*!40014 SET @OLD_FOREIGN_KEY_CHECKS=@@FOREIGN_KEY_CHECKS, FOREIGN_KEY_CHECKS=0 */;
/*!40101 SET @OLD_SQL_MODE=@@SQL_MODE, SQL_MODE='NO_AUTO_VALUE_ON_ZERO' */;
/*!40111 SET @OLD_SQL_NOTES=@@SQL_NOTES, SQL_NOTES=0 */;

--
-- Table structure for table `booking_category`
--

DROP TABLE IF EXISTS `booking_category`;
/*!40101 SET @saved_cs_client     = @@character_set_client */;
/*!40101 SET character_set_client = utf8 */;
CREATE TABLE `booking_category` (
  `type` varchar(20) COLLATE utf8_unicode_ci NOT NULL,
  `category_id` int(11) DEFAULT '0',
  `topic` varchar(150) COLLATE utf8_unicode_ci NOT NULL,
  `color` varchar(16) COLLATE utf8_unicode_ci DEFAULT NULL,
  `published` tinyint(1) NOT NULL DEFAULT '1',
  KEY `type` (`type`),
  KEY `category_id` (`category_id`)
) ENGINE=MyISAM DEFAULT CHARSET=utf8 COLLATE=utf8_unicode_ci;
/*!40101 SET character_set_client = @saved_cs_client */;

--
-- Dumping data for table `booking_category`
--

LOCK TABLES `booking_category` WRITE;
/*!40000 ALTER TABLE `booking_category` DISABLE KEYS */;
INSERT INTO `booking_category` VALUES ('department',3,'อื่นๆ',NULL,1),('department',2,'QA',NULL,1),('department',1,'Engineering',NULL,1),('use',1,'ประชุม',NULL,1),('accessories',1,'-',NULL,1);
/*!40000 ALTER TABLE `booking_category` ENABLE KEYS */;
UNLOCK TABLES;

--
-- Table structure for table `booking_language`
--

DROP TABLE IF EXISTS `booking_language`;
/*!40101 SET @saved_cs_client     = @@character_set_client */;
/*!40101 SET character_set_client = utf8 */;
CREATE TABLE `booking_language` (
  `id` int(11) NOT NULL AUTO_INCREMENT,
  `key` text COLLATE utf8_unicode_ci NOT NULL,
  `type` varchar(5) COLLATE utf8_unicode_ci NOT NULL,
  `owner` varchar(20) COLLATE utf8_unicode_ci NOT NULL,
  `js` tinyint(1) NOT NULL,
  `th` text COLLATE utf8_unicode_ci,
  `en` text COLLATE utf8_unicode_ci,
  PRIMARY KEY (`id`)
) ENGINE=MyISAM DEFAULT CHARSET=utf8 COLLATE=utf8_unicode_ci;
/*!40101 SET character_set_client = @saved_cs_client */;

--
-- Dumping data for table `booking_language`
--

LOCK TABLES `booking_language` WRITE;
/*!40000 ALTER TABLE `booking_language` DISABLE KEYS */;
/*!40000 ALTER TABLE `booking_language` ENABLE KEYS */;
UNLOCK TABLES;

--
-- Table structure for table `booking_reservation`
--

DROP TABLE IF EXISTS `booking_reservation`;
/*!40101 SET @saved_cs_client     = @@character_set_client */;
/*!40101 SET character_set_client = utf8 */;
CREATE TABLE `booking_reservation` (
  `id` int(11) NOT NULL AUTO_INCREMENT,
  `room_id` int(11) NOT NULL,
  `member_id` int(11) NOT NULL,
  `create_date` datetime DEFAULT NULL,
  `topic` varchar(150) COLLATE utf8_unicode_ci DEFAULT NULL,
  `comment` text COLLATE utf8_unicode_ci,
  `attendees` int(11) NOT NULL,
  `begin` datetime DEFAULT NULL,
  `end` datetime DEFAULT NULL,
  `status` tinyint(1) NOT NULL,
  `reason` varchar(128) COLLATE utf8_unicode_ci DEFAULT NULL,
  PRIMARY KEY (`id`)
) ENGINE=MyISAM AUTO_INCREMENT=344 DEFAULT CHARSET=utf8 COLLATE=utf8_unicode_ci;
/*!40101 SET character_set_client = @saved_cs_client */;

--
-- Dumping data for table `booking_reservation`
--

LOCK TABLES `booking_reservation` WRITE;
/*!40000 ALTER TABLE `booking_reservation` DISABLE KEYS */;
INSERT INTO `booking_reservation` VALUES (1,2,2,'2020-12-08 15:54:55','ทดสอบ','m',5,'2020-12-09 09:00:01','2020-12-09 12:00:00',3,NULL),(6,3,6,'2020-12-09 11:14:45','Env','',2,'2020-12-10 13:00:01','2020-12-10 17:00:00',1,NULL),(3,3,3,'2020-12-08 17:22:53','LDP พระพุทธบาท','',6,'2020-12-14 09:00:01','2020-12-14 17:00:00',1,NULL),(4,3,3,'2020-12-08 17:24:26','พัฒนาไส้กรอกหมู (บ.JBT)','',10,'2020-12-15 10:00:01','2020-12-15 12:00:00',1,NULL),(5,2,5,'2020-12-09 09:20:32','Ldp packaging','',6,'2020-12-11 09:00:01','2020-12-11 12:00:00',1,NULL),(7,3,11,'2020-12-09 12:21:06','KRI','',5,'2020-12-16 09:00:01','2020-12-16 17:00:00',1,NULL),(8,1,11,'2020-12-09 12:23:33','NC','',5,'2020-12-14 13:00:01','2020-12-14 16:00:00',1,NULL),(9,2,6,'2020-12-09 16:22:33','Spld','',10,'2020-12-14 09:00:01','2020-12-14 17:00:00',1,NULL),(10,2,15,'2020-12-09 17:24:59','LDP มหาชีย','',6,'2020-12-15 09:00:01','2020-12-15 18:00:00',1,NULL),(11,3,16,'2020-12-10 10:02:22','LDPโรงงานอาหาร','',6,'2020-12-15 14:00:01','2020-12-15 17:00:00',1,NULL),(12,3,3,'2020-12-10 10:10:23','พี่แก้ว QA','',10,'2020-12-11 13:00:01','2020-12-11 17:00:00',1,NULL),(13,2,5,'2020-12-12 18:06:34','Bakery','',5,'2020-12-16 13:00:01','2020-12-16 17:00:00',1,NULL),(14,4,16,'2020-12-14 16:09:35','คลังสินค้า','',3,'2020-12-15 10:00:01','2020-12-15 12:00:00',1,NULL),(15,1,3,'2020-12-14 16:14:11','LDP พระพุทธบาท','',6,'2020-12-15 09:00:01','2020-12-15 17:00:00',1,NULL),(16,3,4,'2020-12-14 16:55:34','RM Risk Assessment','',4,'2020-12-22 09:00:01','2020-12-22 17:00:00',1,NULL),(17,3,6,'2020-12-15 08:25:54','Recycle','',10,'2020-12-17 09:00:01','2020-12-17 18:00:00',1,NULL),(18,3,18,'2020-12-15 08:59:53','LDP sausage','',10,'2020-12-18 09:00:01','2020-12-18 22:00:00',1,NULL),(20,3,20,'2020-12-16 10:14:22','ทดลองสินค้า Nichirei','na',6,'2020-12-23 09:00:01','2020-12-23 12:00:00',1,NULL),(21,2,21,'2020-12-16 14:26:27','ฟาร์มจะนะ','Conference',4,'2020-12-18 13:30:01','2020-12-18 14:30:00',1,''),(22,2,3,'2020-12-16 16:41:30','LDP พระพุทธบาท','',6,'2020-12-22 09:00:01','2020-12-22 17:00:00',1,NULL),(23,2,16,'2020-12-17 08:55:54','LDPโรงงานอาหาร','',6,'2020-12-17 09:00:01','2020-12-17 17:00:00',1,NULL),(24,1,10,'2020-12-17 09:18:15','Present BG','',2,'2020-12-17 09:00:01','2020-12-17 18:00:00',1,NULL),(25,1,16,'2020-12-17 11:55:30','CPFM พี่เด่น','',6,'2020-12-22 08:00:01','2020-12-22 18:00:00',1,NULL),(26,1,16,'2020-12-17 15:03:22','LDP โรงงานอาหาร','',6,'2020-12-18 09:00:01','2020-12-18 17:00:00',1,NULL),(27,3,17,'2020-12-18 09:03:09','QA แอม','',7,'2020-12-23 13:00:01','2020-12-23 17:00:00',1,''),(29,2,4,'2020-12-23 07:33:43','RM','',2,'2020-12-23 09:00:01','2020-12-23 16:00:00',1,NULL),(30,3,3,'2020-12-24 11:41:31','เตย EN','',10,'2021-01-13 09:00:01','2021-01-13 17:00:00',1,NULL),(40,3,16,'2021-01-06 17:51:14','LDPโรงงานอาหาร','',7,'2021-01-07 09:00:01','2021-01-07 17:00:00',1,NULL),(32,2,17,'2021-01-01 16:41:24','Engineering','',5,'2021-01-04 09:00:01','2021-01-04 16:30:00',1,NULL),(33,3,16,'2021-01-04 10:00:10','LDPโรงงาน','',8,'2021-01-05 09:00:01','2021-01-05 17:00:00',1,NULL),(34,3,6,'2021-01-04 13:42:05','SPLD','',6,'2021-01-06 09:00:01','2021-01-06 17:00:00',1,NULL),(35,2,22,'2021-01-04 14:54:18','ประชุม​กับ​ Mavitec','',4,'2021-01-06 09:00:01','2021-01-06 17:00:00',1,NULL),(36,2,6,'2021-01-04 18:20:40','BKP Recycle','',2,'2021-01-07 09:00:01','2021-01-07 12:00:00',1,NULL),(37,3,6,'2021-01-04 18:21:24','BKP Recycle phase 1','',2,'2021-01-11 09:00:01','2021-01-11 18:00:00',1,NULL),(38,3,16,'2021-01-05 16:07:15','LDPโรงงาน','',8,'2021-01-08 09:00:01','2021-01-08 17:00:00',1,NULL),(39,3,6,'2021-01-06 14:24:52','ปุ๋ย','',7,'2021-01-12 08:00:01','2021-01-12 17:00:00',1,NULL),(41,1,10,'2021-01-07 12:42:00','P wi','',3,'2021-01-08 09:00:01','2021-01-08 18:00:00',1,NULL),(42,2,16,'2021-01-07 14:08:01','LDPโรงงานอาหาร','',6,'2021-01-11 09:00:01','2021-01-11 17:00:00',1,NULL),(43,3,21,'2021-01-11 11:13:23','พรีเซ้นต์เทคนิค โรงซอส','',5,'2021-01-14 09:00:01','2021-01-14 17:00:00',1,NULL),(44,2,6,'2021-01-11 16:04:57','WWTP Min1','',3,'2021-01-14 08:30:01','2021-01-14 18:00:00',1,NULL),(45,3,6,'2021-01-11 16:05:31','WWTP Min1','',3,'2021-01-15 09:00:01','2021-01-15 12:00:00',1,NULL),(46,2,16,'2021-01-11 17:01:55','LDPโรงงาน','',6,'2021-01-13 09:00:01','2021-01-13 17:00:00',1,NULL),(47,1,3,'2021-01-11 17:02:00','LDP ไส้กรอก','',6,'2021-01-13 09:00:01','2021-01-13 17:00:00',1,NULL),(48,2,23,'2021-01-11 17:17:41','Solar farm float','',4,'2021-01-15 13:30:01','2021-01-15 17:00:00',1,NULL),(49,1,19,'2021-01-13 17:54:08','LDP โรงงาน','',6,'2021-01-14 09:00:01','2021-01-14 18:00:00',1,NULL),(50,3,17,'2021-01-13 21:36:33','CPG-SPLD','',7,'2021-01-20 09:00:01','2021-01-20 17:00:00',1,NULL),(51,2,17,'2021-01-13 21:37:47','EN','',2,'2021-01-18 09:00:01','2021-01-18 17:00:00',1,NULL),(52,3,22,'2021-01-15 09:29:14','โรงงานปุ๋ย','',8,'2021-01-19 09:00:01','2021-01-19 17:00:00',1,NULL),(53,3,17,'2021-01-16 11:22:48','ฟาร์มไก่กระทง','',5,'2021-01-18 09:00:01','2021-01-18 17:00:00',1,NULL),(54,1,10,'2021-01-16 12:02:48','CP Group Vision','',3,'2021-01-18 09:00:01','2021-01-18 15:00:00',1,NULL),(55,3,21,'2021-01-18 12:07:32','งานขนป่น+เวียดนาม','',5,'2021-01-22 09:00:01','2021-01-22 18:00:00',1,NULL),(56,1,1,'2021-01-18 15:56:48','พี่น้อย','',2,'2021-01-20 09:00:01','2021-01-20 17:00:00',1,''),(57,3,21,'2021-01-18 18:05:39','WAM','',5,'2021-01-25 14:00:01','2021-01-25 15:00:00',1,NULL),(58,3,6,'2021-01-18 19:55:12','Recycle','',6,'2021-01-21 08:00:01','2021-01-21 18:00:00',1,NULL),(59,2,21,'2021-01-19 10:17:19','ขนป่นและเวียดนาม','',5,'2021-01-22 09:30:01','2021-01-22 18:00:00',1,NULL),(60,1,16,'2021-01-19 14:33:49','CO2','',3,'2021-01-21 13:00:01','2021-01-21 15:00:00',1,NULL),(61,3,16,'2021-01-20 11:41:19','LDPโรงงานอาหาร','',6,'2021-01-28 09:00:01','2021-01-28 17:00:00',1,NULL),(62,2,16,'2021-01-20 13:20:14','ิLDPโรงงานอาหาร','',6,'2021-01-28 13:00:01','2021-01-28 17:00:00',1,NULL),(63,3,16,'2021-01-20 13:21:35','มิ้ม','',6,'2021-01-27 13:00:01','2021-01-27 17:00:00',1,NULL),(64,1,1,'2021-01-21 10:56:03','ประชุมกับ K&amp;W','',5,'2021-01-22 09:00:01','2021-01-22 12:00:00',1,NULL),(65,3,3,'2021-01-21 16:07:19','ม่อน','',10,'2021-01-25 09:00:01','2021-01-25 12:00:00',1,NULL),(66,2,16,'2021-01-22 10:04:50','LDPโรงงานอาหาร','',6,'2021-01-25 09:00:01','2021-01-25 17:00:00',1,NULL),(67,2,16,'2021-01-22 10:05:35','LDPโรงงานอาหาร','',6,'2021-01-26 09:00:01','2021-01-26 17:00:00',1,NULL),(68,1,5,'2021-01-22 10:56:24','Ldp packaging','',5,'2021-01-25 09:00:01','2021-01-25 17:00:00',1,NULL),(69,3,5,'2021-01-22 11:02:12','Ldp ติ่มซำ','',5,'2021-01-26 09:00:01','2021-01-26 17:00:00',1,NULL),(70,1,5,'2021-01-22 11:04:45','Ldp packaging','',5,'2021-01-26 09:00:01','2021-01-26 17:00:00',1,NULL),(71,3,1,'2021-01-23 10:24:24','พี่น้อย','',5,'2021-01-29 09:00:01','2021-01-29 18:00:00',1,NULL),(72,3,22,'2021-01-25 14:10:51','โครงการจัดการของเสียอย่างยั่งยืน','',10,'2021-02-02 09:00:01','2021-02-02 17:00:00',1,NULL),(73,3,3,'2021-01-26 12:55:03','LDP package','',20,'2021-02-03 09:00:01','2021-02-03 17:00:00',1,NULL),(74,2,3,'2021-01-26 12:55:45','LDP package','',10,'2021-02-02 09:00:01','2021-02-02 17:00:00',1,NULL),(75,2,16,'2021-01-26 16:07:58','LDPโรงงานอาหาร','',6,'2021-01-27 09:00:01','2021-01-27 17:00:00',1,NULL),(76,3,21,'2021-01-26 17:28:18','กลิ่นและโอโซน','',7,'2021-02-05 09:00:01','2021-02-05 17:00:00',1,NULL),(77,1,16,'2021-01-27 09:44:57','LDP package','',6,'2021-01-28 09:00:01','2021-01-28 12:00:00',1,NULL),(78,2,5,'2021-01-27 09:56:10','Ldp package','',5,'2021-01-29 09:00:01','2021-01-29 17:00:00',1,NULL),(79,3,3,'2021-01-27 13:54:59','line ข้าว พี่ณัฐ','',10,'2021-02-01 09:00:01','2021-02-01 17:00:00',1,NULL),(80,1,3,'2021-01-27 13:55:42','line ข้าว พี่ณัฐ','',5,'2021-01-29 09:00:01','2021-01-29 17:00:00',1,NULL),(81,2,3,'2021-01-27 13:57:13','refrom meat','',5,'2021-02-05 13:00:01','2021-02-05 17:00:00',1,''),(82,2,24,'2021-01-28 11:01:15','LDP Package','',20,'2021-02-01 09:00:01','2021-02-01 18:00:00',1,NULL),(83,3,21,'2021-01-29 16:26:43','ประชุม เวียดนาม+จะนะ','',5,'2021-02-04 09:00:01','2021-02-04 17:00:00',1,NULL),(84,1,19,'2021-02-01 09:11:31','LDP โรงงานอาหาร','',6,'2021-02-01 09:00:01','2021-02-01 17:00:00',1,NULL),(90,3,5,'2021-02-03 13:27:54','Ldp packaging','',5,'2021-02-09 09:00:01','2021-02-09 17:00:00',1,NULL),(86,1,22,'2021-02-01 14:06:42','PM. ระบบบำบัดและเครื่องเย็น','',6,'2021-02-05 09:00:01','2021-02-05 17:00:00',1,NULL),(87,3,21,'2021-02-02 11:23:37','LDP','',10,'2021-02-10 09:00:01','2021-02-10 17:00:00',1,NULL),(88,3,3,'2021-02-02 13:08:50','ม่อน','',10,'2021-02-08 09:00:01','2021-02-08 17:00:00',1,NULL),(89,2,21,'2021-02-02 14:44:09','มาตรฐานระบบบำบัดฟาร์มไก่ไข่','',3,'2021-02-08 09:00:01','2021-02-08 11:59:00',1,NULL),(91,1,4,'2021-02-03 15:59:17','RM','',2,'2021-02-08 08:00:01','2021-02-08 12:00:00',1,NULL),(106,3,16,'2021-02-12 11:17:21','LDPโรงงานอาหาร','',8,'2021-02-16 09:00:01','2021-02-16 17:00:00',1,NULL),(93,2,5,'2021-02-04 17:21:00','Reform meat','',5,'2021-02-08 13:00:01','2021-02-08 17:00:00',1,NULL),(94,1,10,'2021-02-04 19:46:28','Bi online','',2,'2021-02-08 13:00:01','2021-02-08 18:00:00',1,NULL),(95,4,10,'2021-02-04 20:05:42','PUM','',2,'2021-02-08 08:00:01','2021-02-08 18:00:00',1,NULL),(96,3,1,'2021-02-05 12:24:03','พี่น้อย','',10,'2021-02-11 12:00:01','2021-02-11 18:00:00',1,NULL),(97,2,16,'2021-02-06 10:31:15','LDPโรงงานอาหาร','',6,'2021-02-09 09:00:01','2021-02-09 17:00:00',1,NULL),(98,2,16,'2021-02-06 10:31:57','LDPโรงงานอาหาร','',6,'2021-02-11 09:00:01','2021-02-11 17:00:00',1,NULL),(99,1,17,'2021-02-07 13:55:41','WT-CTLAB','',4,'2021-02-11 09:00:01','2021-02-11 12:00:00',1,NULL),(100,1,22,'2021-02-07 18:42:31','โรงวานปุ๋ย','',7,'2021-02-09 09:00:01','2021-02-09 17:00:00',1,NULL),(105,3,12,'2021-02-11 11:53:58','Ecolab','',8,'2021-02-18 10:00:01','2021-02-18 12:00:00',1,NULL),(107,3,6,'2021-02-13 15:48:06','SPLD','',7,'2021-02-17 09:00:01','2021-02-17 18:00:00',1,NULL),(108,3,6,'2021-02-15 08:59:32','WWTP Min1','',2,'2021-02-15 13:30:01','2021-02-15 14:30:00',1,NULL),(109,2,16,'2021-02-15 17:38:49','LDPโรงงานอาหาร','',6,'2021-02-18 09:00:01','2021-02-18 17:00:00',1,NULL),(110,3,16,'2021-02-15 17:39:22','LDPโรงงานอาหาร','',6,'2021-02-19 09:00:01','2021-02-19 17:00:00',1,NULL),(111,3,16,'2021-02-15 17:39:58','LDP sponsor','',6,'2021-02-24 09:00:01','2021-02-24 17:00:00',1,NULL),(112,1,16,'2021-02-16 11:43:18','CP Philippines','',6,'2021-02-17 09:00:01','2021-02-17 12:00:00',1,NULL),(113,3,3,'2021-02-16 14:40:26','ม่อน','',10,'2021-02-18 13:00:01','2021-02-18 17:00:00',1,NULL),(114,2,5,'2021-02-16 21:50:00','ไข่ตุ๋น','',5,'2021-02-19 13:00:01','2021-02-19 17:00:00',1,NULL),(115,2,19,'2021-02-17 09:52:36','LDP วิศวกรรมโรงงานอาหาร','',4,'2021-02-17 09:00:01','2021-02-17 18:00:00',1,NULL),(116,2,5,'2021-02-17 10:11:58','ไข่ตุ๋น','',3,'2021-02-19 10:00:01','2021-02-19 12:00:00',1,NULL),(117,1,24,'2021-02-17 15:04:21','LDP PAckaging','',10,'2021-02-19 09:00:01','2021-02-19 18:00:00',1,NULL),(118,3,18,'2021-02-17 19:04:31','Alginate','',10,'2021-02-23 09:00:01','2021-02-23 22:00:00',1,NULL),(119,1,6,'2021-02-17 21:33:05','Bkp','',2,'2021-02-18 13:00:01','2021-02-18 18:00:00',1,NULL),(120,1,10,'2021-02-18 09:34:14','QA Quarterly Meeting','',6,'2021-02-24 09:00:01','2021-02-24 18:00:00',1,NULL),(121,3,3,'2021-02-18 21:06:24','เตย','',10,'2021-02-22 09:00:01','2021-02-22 17:00:00',1,NULL),(122,2,6,'2021-02-18 21:55:18','BKP','',4,'2021-02-22 09:00:01','2021-02-22 17:00:00',1,NULL),(123,2,17,'2021-02-19 11:44:29','Engineering','',4,'2021-02-24 09:00:01','2021-02-24 12:00:00',1,NULL),(124,2,24,'2021-02-19 13:14:40','LDP Packaging','',10,'2021-02-23 09:00:01','2021-02-23 18:00:00',1,NULL),(125,1,24,'2021-02-19 13:15:09','LDP PAckaging','',10,'2021-02-22 09:00:01','2021-02-22 16:00:00',1,NULL),(126,1,16,'2021-02-21 19:18:12','LDPโรงงานอาหาร','',6,'2021-02-23 09:00:01','2021-02-23 17:00:00',1,NULL),(127,3,16,'2021-02-22 14:18:55','CP Philippines','',6,'2021-02-25 09:00:01','2021-02-25 12:00:00',1,NULL),(128,3,23,'2021-02-25 13:21:17','Solar 3','',1,'2021-02-25 02:22:01','2021-02-25 05:04:00',1,NULL),(129,3,16,'2021-02-25 15:58:28','LDPโรงงานอาหาร','',6,'2021-03-01 09:00:01','2021-03-01 17:00:00',1,NULL),(130,3,16,'2021-02-25 16:00:08','พี่แนน - ฟาร์ม','',10,'2021-03-02 09:00:01','2021-03-02 17:00:00',1,NULL),(131,3,25,'2021-03-01 11:16:40','หารือกับลูกค้า Nichirei','',6,'2021-03-09 13:00:01','2021-03-09 16:00:00',1,NULL),(132,3,25,'2021-03-01 11:17:31','หารือกับลูกค้า Nichirei','',6,'2021-03-10 09:00:01','2021-03-10 12:00:00',1,NULL),(153,2,21,'2021-03-05 16:56:32','LDP หมู','',8,'2021-03-09 09:00:01','2021-03-09 18:00:00',1,NULL),(134,3,25,'2021-03-01 11:18:55','หารือกับลูกค้า Nichirei','',6,'2021-03-17 09:00:01','2021-03-17 12:00:00',1,NULL),(135,3,25,'2021-03-01 11:19:41','หารือกับลูกค้า Nichirei','',6,'2021-03-23 13:00:01','2021-03-23 16:00:00',1,''),(136,2,6,'2021-03-01 11:53:43','ปุ๋ยภาคบ่าย','',4,'2021-03-02 13:00:01','2021-03-02 17:00:00',1,NULL),(137,1,18,'2021-03-01 14:36:41','LDP sausage','',3,'2021-03-04 09:30:01','2021-03-04 17:00:00',1,NULL),(138,3,18,'2021-03-01 14:40:45','Fac Zero','',4,'2021-03-03 10:00:01','2021-03-03 17:00:00',1,NULL),(139,2,19,'2021-03-01 16:42:51','LDP วิศวกรรมโรงงานอาหาร','',6,'2021-03-02 09:00:01','2021-03-02 12:00:00',1,NULL),(140,2,19,'2021-03-01 16:44:18','LDP วิศวกรรมโรงงานอาหาร','',6,'2021-03-03 09:00:01','2021-03-03 18:00:00',1,NULL),(141,3,19,'2021-03-01 16:45:58','LDP วิศวกรรมโรงงานอาหาร','',6,'2021-03-04 09:00:01','2021-03-04 18:00:00',1,NULL),(142,1,5,'2021-03-01 17:10:30','Ldp packaging','',5,'2021-03-03 09:00:01','2021-03-03 17:00:00',1,NULL),(143,3,3,'2021-03-02 17:13:44','พี่ณัฐ','',10,'2021-03-05 09:00:01','2021-03-05 17:00:00',1,''),(144,3,25,'2021-03-03 07:28:23','ละลายสินค้า Nichirei กับลูกค้า','',6,'2021-03-25 09:00:01','2021-03-25 16:00:00',1,NULL),(145,3,25,'2021-03-03 07:29:40','หารือกับลูกค้า Nichirei','',6,'2021-03-17 13:00:01','2021-03-17 16:00:00',1,NULL),(146,2,19,'2021-03-03 10:15:30','LDP วิศวกรรมโรงงานอาหาร','',6,'2021-03-05 09:00:01','2021-03-05 18:00:00',1,NULL),(147,3,3,'2021-03-03 17:11:57','พี่น๊อต','',10,'2021-03-08 09:00:01','2021-03-08 17:00:00',1,NULL),(148,3,16,'2021-03-04 11:32:52','LDP-คุณประสิทธิ์','',10,'2021-03-12 09:00:01','2021-03-12 17:00:00',1,NULL),(149,3,6,'2021-03-04 15:10:03','SPLD','',4,'2021-03-15 13:00:01','2021-03-15 17:00:00',1,NULL),(150,3,6,'2021-03-04 15:11:54','SPLD','',5,'2021-03-19 09:00:01','2021-03-19 18:00:00',1,NULL),(151,3,6,'2021-03-04 15:16:06','SPLD','',6,'2021-03-23 08:00:01','2021-03-23 12:00:00',1,NULL),(152,1,18,'2021-03-05 09:47:17','Demo sausage','',4,'2021-03-10 10:00:01','2021-03-10 12:00:00',1,NULL),(154,2,21,'2021-03-05 16:59:34','LDP โรงงานอาหาร','',8,'2021-03-10 09:00:01','2021-03-10 18:00:00',1,NULL),(155,2,16,'2021-03-05 18:19:17','LDPโรงงานอาหาร','',6,'2021-03-08 09:00:01','2021-03-08 17:00:00',1,NULL),(156,1,13,'2021-03-08 10:05:36','Sausage','',2,'2021-03-08 13:00:01','2021-03-08 16:00:00',1,NULL),(157,1,6,'2021-03-08 11:18:12','Min1','',2,'2021-03-09 13:00:01','2021-03-09 17:00:00',1,NULL),(158,2,3,'2021-03-08 15:01:36','ม่อน','',10,'2021-03-12 09:00:01','2021-03-12 17:00:00',1,NULL),(159,1,16,'2021-03-09 07:57:18','Ldp','',6,'2021-03-09 09:00:01','2021-03-09 12:00:00',1,NULL),(160,3,3,'2021-03-09 13:42:56','พี่ยุทธ','',10,'2021-03-11 14:00:01','2021-03-11 17:00:00',1,NULL),(161,1,16,'2021-03-10 09:31:59','พี่เด่น','',4,'2021-03-11 09:00:01','2021-03-11 12:00:00',1,NULL),(162,1,16,'2021-03-10 21:09:26','พี่เด่น','',4,'2021-03-12 13:00:01','2021-03-12 17:00:00',1,NULL),(163,2,22,'2021-03-11 08:40:17','ฟาร์มไก่ไข่','',5,'2021-03-11 09:00:01','2021-03-11 16:00:00',1,NULL),(164,3,11,'2021-03-11 09:22:41','Micro','',2,'2021-03-11 09:00:01','2021-03-11 11:01:00',1,NULL),(165,2,5,'2021-03-11 11:12:26','Jbt','',5,'2021-03-19 13:00:01','2021-03-19 17:00:00',1,NULL),(166,1,5,'2021-03-11 11:14:00','Bakery','',5,'2021-03-12 10:00:01','2021-03-12 12:00:00',1,NULL),(167,2,22,'2021-03-11 17:33:43','ประชุมฟาร์ม','',8,'2021-03-17 09:00:01','2021-03-17 17:00:00',1,NULL),(168,2,16,'2021-03-15 08:23:18','Ldpโรงงาน','',6,'2021-03-15 09:00:01','2021-03-15 17:00:00',1,NULL),(169,2,3,'2021-03-15 16:24:56','ม่อน','',6,'2021-03-19 09:00:01','2021-03-19 12:00:00',1,NULL),(174,3,22,'2021-03-16 10:59:32','ฟาร์ม','',3,'2021-03-16 13:30:01','2021-03-16 17:00:00',1,NULL),(171,1,16,'2021-03-15 16:52:52','LDPโรงงานอาหาร','',6,'2021-03-17 09:00:01','2021-03-17 17:00:00',1,NULL),(172,3,16,'2021-03-15 16:54:19','LDPโรงงานอาหาร','',6,'2021-03-18 09:00:01','2021-03-18 15:00:00',1,NULL),(173,2,16,'2021-03-16 08:05:23','Ldp โรงงานอาหาร','',6,'2021-03-16 09:00:01','2021-03-16 17:00:00',1,NULL),(175,3,23,'2021-03-16 13:29:42','T-ver','',6,'2021-03-24 13:00:01','2021-03-24 16:00:00',1,NULL),(176,3,7,'2021-03-17 09:55:59','5star','',8,'2021-03-29 08:30:01','2021-03-29 18:00:00',1,NULL),(177,3,7,'2021-03-17 09:59:27','5star','',8,'2021-03-31 08:30:01','2021-04-01 18:00:00',1,NULL),(178,2,24,'2021-03-17 10:34:09','ldp package','',10,'2021-03-18 09:00:01','2021-03-18 15:00:00',1,NULL),(179,3,25,'2021-03-17 14:59:21','Conference call ลูกค้าญี่ปุ่น','',4,'2021-04-19 09:00:01','2021-04-19 12:00:00',1,NULL),(180,1,21,'2021-03-17 15:25:29','กลิ่น','',8,'2021-03-19 08:30:01','2021-03-19 16:00:00',1,NULL),(181,3,17,'2021-03-18 09:10:41','German suppliers','',3,'2021-03-18 15:00:01','2021-03-18 17:00:00',1,NULL),(182,1,17,'2021-03-18 09:19:49','ระบบบำบัด','',3,'2021-03-18 09:00:01','2021-03-18 12:00:00',1,NULL),(183,3,6,'2021-03-19 09:49:52','ประชุมของพี่เตย','',5,'2021-03-26 09:00:01','2021-03-26 17:00:00',1,NULL),(184,3,24,'2021-03-19 19:42:11','LDP Packaging','',10,'2021-03-22 09:00:01','2021-03-22 18:00:00',1,NULL),(185,2,5,'2021-03-19 22:30:32','ไข่ตุ๋น','',5,'2021-03-22 09:00:01','2021-03-22 17:00:00',1,NULL),(186,1,16,'2021-03-21 15:52:51','LDP โรงงานอาหาร','',6,'2021-03-22 09:00:01','2021-03-22 17:00:00',1,NULL),(187,2,24,'2021-03-22 11:24:44','LDP Packaging','',10,'2021-03-29 09:00:01','2021-03-29 16:00:00',1,NULL),(188,3,13,'2021-03-22 12:42:18','QA lotus','',4,'2021-03-24 09:00:01','2021-03-24 12:00:00',1,NULL),(189,2,16,'2021-03-22 17:39:27','LDPโรงงานอาหาร','',6,'2021-03-23 09:00:01','2021-03-23 18:00:00',1,NULL),(190,2,19,'2021-03-22 17:47:23','LDP วิศวกรรมโรงงานอาหาร','',6,'2021-03-25 09:00:01','2021-03-25 18:00:00',1,NULL),(191,2,19,'2021-03-23 14:17:28','LDP วิศวกรรมโรงงานอาหาร','',8,'2021-03-24 08:00:01','2021-03-24 18:00:00',1,NULL),(192,2,3,'2021-03-23 14:35:33','ม่อน','',6,'2021-03-26 09:00:01','2021-03-26 17:00:00',1,NULL),(193,3,21,'2021-03-23 20:02:32','ชี้แจง ผรม.งานระบบน้ำดีน้ำเสีย โรงหมู','',10,'2021-03-30 09:00:01','2021-03-30 18:00:00',1,NULL),(194,1,24,'2021-03-24 09:55:02','LDP PAckaging','',10,'2021-03-25 09:00:01','2021-03-25 18:00:00',1,NULL),(195,1,16,'2021-03-24 10:26:31','ฟิลิปปินส์','',6,'2021-03-26 09:00:01','2021-03-26 12:00:00',1,NULL),(196,3,25,'2021-03-24 14:55:00','Conf call ลูกค้า Nichirei','',5,'2021-04-20 09:00:01','2021-04-20 16:00:00',1,NULL),(197,3,25,'2021-03-24 14:57:58','Conf call Nichirei','',6,'2021-04-22 12:00:01','2021-04-22 16:00:00',1,NULL),(198,3,25,'2021-03-24 14:59:12','Conf call Nichirei','',9,'2021-04-28 09:00:01','2021-04-28 16:00:00',1,NULL),(199,1,16,'2021-03-25 11:01:37','LDPโรงงานอาหาร','',6,'2021-03-26 13:00:01','2021-03-26 17:00:00',1,NULL),(200,1,6,'2021-03-25 14:27:14','Recycle','',4,'2021-03-29 09:30:01','2021-03-29 18:00:00',1,NULL),(201,2,16,'2021-03-26 17:05:12','LDPโรงงานอาหาร','',6,'2021-03-30 09:00:01','2021-03-30 17:00:00',1,NULL),(202,2,24,'2021-03-29 16:09:22','LDP PACkaging','',10,'2021-03-31 09:00:01','2021-03-31 17:00:00',1,NULL),(203,3,16,'2021-03-29 16:15:32','พนมทวน','',6,'2021-04-02 14:00:01','2021-04-02 17:00:00',1,NULL),(204,1,5,'2021-03-29 17:34:37','Ldp','',5,'2021-04-01 09:00:01','2021-04-01 18:00:00',1,NULL),(205,2,5,'2021-03-29 17:35:42','Ldp','',5,'2021-04-01 09:00:01','2021-04-01 18:00:00',1,NULL),(206,1,13,'2021-03-30 08:26:44','QA supplier','',3,'2021-03-30 01:00:01','2021-03-30 05:00:00',1,NULL),(207,1,16,'2021-03-30 11:42:54','พี่เด่น','',5,'2021-03-31 10:00:01','2021-03-31 11:00:00',1,NULL),(208,1,6,'2021-03-30 12:42:03','Recycle ♻️','',3,'2021-03-31 13:00:01','2021-03-31 18:00:00',1,NULL),(209,3,16,'2021-03-30 17:49:44','ฟิลิปปินส์','',6,'2021-04-02 09:00:01','2021-04-02 12:00:00',1,NULL),(210,3,21,'2021-03-31 12:01:44','ประชุมทีม','',5,'2021-04-05 09:30:01','2021-04-05 17:00:00',1,NULL),(211,3,17,'2021-03-31 13:34:25','SPLD','',7,'2021-04-08 09:00:01','2021-04-08 18:00:00',1,NULL),(212,1,17,'2021-03-31 13:42:17','SPLD','',4,'2021-04-02 13:00:01','2021-04-02 17:00:00',1,NULL),(213,1,17,'2021-03-31 14:14:05','Solar PV','',3,'2021-04-02 09:00:01','2021-04-02 12:00:00',1,NULL),(214,3,3,'2021-04-01 09:08:58','พี่ณัฐ','',10,'2021-04-07 09:00:01','2021-04-07 17:00:00',1,NULL),(215,3,7,'2021-04-01 17:28:05','5 Stars','',10,'2021-06-30 08:00:01','2021-06-30 18:00:00',1,NULL),(216,3,7,'2021-04-01 17:30:02','5Stars','',10,'2021-07-01 08:00:01','2021-07-01 18:00:00',1,NULL),(217,2,22,'2021-04-01 21:15:35','ฟาร์ม','',6,'2021-04-05 09:30:01','2021-04-05 17:00:00',1,NULL),(218,2,6,'2021-04-02 11:03:01','SPLD','',4,'2021-04-02 13:00:01','2021-04-02 18:00:00',1,NULL),(219,1,10,'2021-04-02 21:44:56','Complaint PORK','',3,'2021-04-07 10:00:01','2021-04-07 12:00:00',1,NULL),(220,1,10,'2021-04-02 21:48:53','Lab cost Accounting data','',2,'2021-04-08 13:00:01','2021-04-08 15:00:00',1,NULL),(221,1,16,'2021-04-03 11:21:48','LDPโรงงานอาหาร','',6,'2021-04-05 09:00:01','2021-04-05 17:00:00',1,NULL),(222,3,1,'2021-04-05 10:06:50','พี่น้อย','',10,'2021-04-09 09:00:01','2021-04-09 18:00:00',1,NULL),(223,2,16,'2021-04-06 17:54:10','LDPโรงงานอาหาร','',6,'2021-04-07 09:00:01','2021-04-07 17:00:00',1,NULL),(224,3,21,'2021-04-09 15:19:16','นำเสนอแนวทางออกแบบ หมูกระบี่','',10,'2021-04-27 09:00:01','2021-04-27 18:00:00',1,NULL),(225,3,5,'2021-04-19 13:44:11','ไข่ตุ๋น','',5,'2021-04-26 09:00:01','2021-04-26 17:00:00',1,NULL),(226,2,19,'2021-04-20 09:21:46','งาน Bladebone puller','',2,'2021-04-20 09:00:01','2021-04-20 17:00:00',1,NULL),(227,3,10,'2021-04-20 14:24:21','Livestock-Quarterly Complaint Meeting','',4,'2021-04-30 08:00:01','2021-04-30 12:00:00',1,NULL),(228,3,21,'2021-04-20 14:43:31','แนวทางการออกแบบ โรงหมูขอนแก่น','',5,'2021-05-05 09:00:01','2021-05-05 18:00:00',1,NULL),(229,3,22,'2021-04-21 10:50:29','ฟาร์ม','',5,'2021-04-21 13:30:01','2021-04-21 17:00:00',1,NULL),(230,3,3,'2021-04-22 09:49:26','เตย','',10,'2021-04-29 09:00:01','2021-04-29 17:00:00',1,NULL),(231,1,16,'2021-04-23 10:16:25','พี่เด่น','',8,'2021-04-27 13:00:01','2021-04-27 16:00:00',1,NULL),(232,2,23,'2021-04-24 10:25:56','SolarFarm','',4,'2021-04-26 13:00:01','2021-04-26 17:00:00',1,NULL),(233,2,6,'2021-04-26 08:33:35','SPLD','',3,'2021-04-28 09:00:01','2021-04-28 18:00:00',1,NULL),(234,1,27,'2021-04-26 15:09:00','พี่น้อย','',5,'2021-04-27 09:00:01','2021-04-27 12:00:00',1,NULL),(235,3,21,'2021-04-29 11:08:51','พรีเซ็นโครงการคุณประสิทธิ์','',5,'2021-05-08 09:00:01','2021-05-08 17:00:00',1,NULL),(236,3,3,'2021-04-30 12:11:55','พี่เต้','',10,'2021-04-30 13:00:01','2021-04-30 17:00:00',1,NULL),(237,3,5,'2021-05-01 14:25:49','ไข่ตุ๋น','',5,'2021-05-06 09:00:01','2021-05-06 17:00:00',1,NULL),(238,3,5,'2021-05-01 15:32:04','หมู พี่แนน','',5,'2021-05-13 09:00:01','2021-05-13 18:00:00',1,NULL),(239,2,19,'2021-05-04 21:46:08','ประชุม วิศวกรรม อสร','',4,'2021-05-05 09:30:01','2021-05-05 17:00:00',1,NULL),(240,3,16,'2021-05-07 10:47:10','พี่เด่น','',6,'2021-05-10 09:00:01','2021-05-10 12:00:00',1,NULL),(241,3,3,'2021-05-08 16:29:29','พี่น็อต','',10,'2021-05-10 13:00:01','2021-05-10 17:00:00',1,NULL),(242,3,3,'2021-05-08 16:30:00','พี่น็อต','',10,'2021-05-11 09:00:01','2021-05-12 17:00:00',1,NULL),(243,3,5,'2021-05-10 13:19:20','ไข่ตุ๋น','',5,'2021-05-14 09:00:01','2021-05-14 17:00:00',1,NULL),(244,3,21,'2021-05-17 12:18:50','งานกระบี่','',5,'2021-05-18 10:00:01','2021-05-18 16:00:00',1,NULL),(245,3,3,'2021-05-20 19:23:49','พี่น็อต','',10,'2021-05-24 09:00:01','2021-05-24 17:00:00',1,NULL),(246,3,5,'2021-05-24 15:57:21','ไข่ตุ๋น-update อ.โก๋','',5,'2021-05-25 09:00:01','2021-05-25 17:00:00',1,NULL),(247,3,5,'2021-05-26 11:21:18','ไข่ตุ๋น','',5,'2021-05-28 09:00:01','2021-05-28 17:00:00',1,NULL),(248,3,5,'2021-05-31 21:12:59','Financial','',5,'2021-06-04 09:00:01','2021-06-04 17:00:00',1,NULL),(249,3,5,'2021-05-31 21:13:50','ไข่ตุ๋น','',5,'2021-06-07 13:00:01','2021-06-07 18:00:00',1,NULL),(250,1,17,'2021-06-03 20:29:57','Financial Training','',2,'2021-06-04 08:00:01','2021-06-05 18:00:00',1,NULL),(251,2,21,'2021-06-06 13:17:35','ไข่ตุ๋น มิ้ม','แลกห้องประชุมกับแนนใช้ประมูล',7,'2021-06-07 13:00:01','2021-06-07 18:00:00',1,NULL),(252,3,17,'2021-06-10 22:21:17','CEO project pitching (คุณอยุทธ)','',4,'2021-06-12 08:00:01','2021-06-12 17:00:00',1,NULL),(253,3,23,'2021-06-15 14:32:42','Scada','',5,'2021-06-16 01:01:01','2021-06-16 21:00:00',1,NULL),(254,3,6,'2021-06-15 16:31:42','SPLD','',3,'2021-06-15 09:00:01','2021-06-15 18:00:00',1,NULL),(255,3,5,'2021-06-16 16:31:34','Faczero ไก่','',5,'2021-06-18 09:00:01','2021-06-18 18:00:00',1,NULL),(256,3,5,'2021-06-16 16:32:26','ไข่ตุ๋น','',3,'2021-06-22 09:00:01','2021-06-22 13:00:00',1,NULL),(257,3,21,'2021-06-18 13:56:00','เสนอเทคนิคออกแบบ ASD','',5,'2021-06-24 08:00:01','2021-06-24 18:00:00',1,NULL),(258,3,17,'2021-06-22 18:31:18','SPLD Project','',5,'2021-06-23 09:30:01','2021-06-23 16:00:00',1,NULL),(259,3,5,'2021-06-23 09:29:48','ไข่ตุ๋น','',3,'2021-06-25 09:00:01','2021-06-25 17:00:00',1,NULL),(260,3,3,'2021-06-23 10:50:53','พี่น็อต','',5,'2021-06-28 09:00:01','2021-06-28 17:00:00',1,NULL),(261,1,16,'2021-06-23 13:06:56','พี่เด่น','',5,'2021-06-28 13:00:01','2021-06-28 17:00:00',1,NULL),(262,3,5,'2021-06-25 18:47:41','ไข่ตุ๋น','',3,'2021-06-29 09:00:01','2021-06-29 17:00:00',1,NULL),(263,2,17,'2021-06-29 13:14:10','CPG-SPLD','',5,'2021-06-30 09:00:01','2021-06-30 17:00:00',1,NULL),(264,3,7,'2021-06-30 09:25:49','5Star QA','',10,'2021-09-30 08:00:01','2021-09-30 18:00:00',1,NULL),(265,3,7,'2021-06-30 09:28:40','5Star QA','',10,'2021-10-01 08:00:01','2021-10-01 18:00:00',1,NULL),(266,3,17,'2021-06-30 21:47:26','Update work status','',5,'2021-07-05 13:00:01','2021-07-05 17:00:00',1,NULL),(267,3,5,'2021-07-01 22:53:25','Forming','',3,'2021-07-02 13:00:01','2021-07-02 17:00:00',1,NULL),(268,1,16,'2021-07-02 14:27:34','โรงหมูพนมทวน','',4,'2021-07-05 13:00:01','2021-07-05 17:00:00',1,NULL),(269,3,5,'2021-07-03 09:06:29','ประมูลไข่ตุ๋น','',3,'2021-07-08 09:00:01','2021-07-08 17:00:00',1,NULL),(270,3,5,'2021-07-03 09:07:28','ไข่ตุ๋น','',3,'2021-07-06 09:00:01','2021-07-06 13:00:00',1,NULL),(271,3,5,'2021-07-03 09:08:16','ไข่ตุ๋น','',3,'2021-07-07 10:00:01','2021-07-07 15:00:00',1,NULL),(272,3,24,'2021-09-10 13:02:13','meeting','',100,'2021-09-13 08:00:01','2021-09-13 16:00:00',1,NULL),(273,3,24,'2021-09-13 14:01:51','present topfood','',100,'2021-09-14 08:00:01','2021-09-15 16:00:00',1,NULL),(274,3,30,'2021-09-23 16:22:45','ประชุมเครื่องจักรท้ายไลน์โรงไส้กรอก','',8,'2021-09-24 10:00:01','2021-09-24 17:00:00',1,NULL),(275,3,24,'2021-10-06 09:20:22','ซอส','',10,'2021-10-06 09:30:01','2021-10-06 18:00:00',1,NULL),(276,3,4,'2021-10-06 11:28:34','QA Freshmart','',6,'2021-10-07 13:00:01','2021-10-07 18:00:00',1,NULL),(277,3,4,'2021-10-06 11:29:36','QA Freshmart','',6,'2021-10-11 08:00:01','2021-10-11 12:00:00',1,NULL),(278,3,21,'2021-10-18 13:41:14','จะนะ เฟส1','',10,'2021-10-21 13:00:01','2021-10-21 18:00:00',1,NULL),(279,3,6,'2021-10-20 20:30:00','พี่เตย','',3,'2021-10-21 09:00:01','2021-10-21 12:00:00',1,NULL),(280,3,30,'2021-10-25 15:40:49','LDP วิศวกรรมโรงงานอัตโนมัติ มหาชัย','',6,'2021-10-26 09:00:01','2021-10-26 17:00:00',1,NULL),(281,3,30,'2021-10-25 15:43:26','LDP โรงงานอัตโนมัติ มหาชัย','',6,'2021-10-28 09:00:01','2021-10-28 17:00:00',1,NULL),(282,3,5,'2021-10-29 10:22:38','JBT IQF','',5,'2021-11-03 13:00:01','2021-11-03 18:00:00',1,NULL),(283,3,32,'2021-10-29 14:26:40','ประชุมนำเสนองานqa','',4,'2021-11-01 09:00:01','2021-11-01 17:00:00',1,NULL),(284,3,32,'2021-10-29 14:30:56','ประชุมนำเสนอproject qa&amp;lab 2022','',4,'2021-11-02 08:00:01','2021-11-02 12:00:00',1,NULL),(285,1,30,'2021-10-30 14:22:05','LDP มหาชัย','',7,'2021-11-01 09:00:01','2021-11-01 17:05:00',1,NULL),(286,3,32,'2021-11-01 13:36:37','ประชุมมาตรฐานตลาดสด4.0','',4,'2021-11-03 09:00:01','2021-11-03 12:00:00',1,NULL),(287,3,32,'2021-11-04 12:11:54','ประชุมqa&amp;hub','',4,'2021-11-05 09:00:01','2021-11-05 14:00:00',1,NULL),(288,3,22,'2021-11-05 23:32:45','CPV','',5,'2021-11-08 09:00:01','2021-11-08 17:00:00',1,NULL),(289,3,22,'2021-11-05 23:34:23','ปรับปรุงไลน์ย่าง มีนบุรี1','',5,'2021-11-10 13:00:01','2021-11-10 17:00:00',1,NULL),(290,3,22,'2021-11-10 18:50:44','ทีมคุณน็อต','',5,'2021-11-11 09:00:01','2021-11-11 17:00:00',1,NULL),(291,3,3,'2021-11-17 10:20:47','พี่จ็อบ ธนพล','',10,'2021-11-18 13:00:01','2021-11-18 17:00:00',1,NULL),(292,3,3,'2021-11-17 10:29:55','มิ้ม','',10,'2021-11-18 09:00:01','2021-11-18 12:00:00',1,NULL),(293,3,3,'2021-11-18 14:19:48','อบรม Solar (พี่เกมส์)','',10,'2021-11-29 09:00:01','2021-11-30 17:00:00',1,NULL),(294,3,19,'2021-11-18 17:16:44','โรงซอส','',10,'2021-11-23 09:00:01','2021-11-23 17:00:00',1,NULL),(295,3,17,'2021-11-22 17:53:53','Solar Power Phase 3','',12,'2021-12-01 09:00:01','2021-12-02 18:00:00',1,NULL),(296,3,17,'2021-11-22 17:54:51','Solar Power Phase 3','',12,'2021-12-03 09:00:01','2021-12-03 18:00:00',1,NULL),(297,3,5,'2021-11-23 13:09:33','ไข่ตุ๋น','',5,'2021-11-24 13:00:01','2021-11-24 16:00:00',1,NULL),(298,1,17,'2021-11-25 09:02:05','LDP หมู','',7,'2021-11-25 09:00:01','2021-11-25 18:00:00',1,NULL),(299,2,17,'2021-11-25 09:02:58','SPLD','',3,'2021-11-25 09:00:01','2021-11-25 18:00:00',1,NULL),(300,2,30,'2021-11-26 17:51:56','Ldp','',5,'2021-11-30 09:00:01','2021-11-30 17:00:00',1,NULL),(301,2,30,'2021-11-26 20:27:07','Ldp','',7,'2021-11-29 09:00:01','2021-11-29 17:00:00',1,NULL),(302,1,16,'2021-12-01 06:47:39','Thermoform','',2,'2021-12-01 09:00:01','2021-12-01 18:00:00',1,NULL),(303,3,18,'2021-12-01 23:08:00','Alginate','',5,'2021-12-07 11:00:01','2021-12-07 12:00:00',1,NULL),(304,3,16,'2021-12-02 13:02:14','ประชุมทีมงาน','',8,'2021-12-07 09:00:01','2021-12-07 11:00:00',1,NULL),(305,2,6,'2021-12-02 15:27:00','SPLD','',4,'2021-12-03 13:00:01','2021-12-03 18:00:00',1,NULL),(306,3,5,'2021-12-05 09:57:37','ไข่ตุ๋น','',5,'2021-12-07 13:00:01','2021-12-07 16:00:00',1,NULL),(307,3,5,'2021-12-05 09:59:52','ไข่ตุ๋น MT','',5,'2021-12-08 13:00:01','2021-12-08 16:00:00',1,NULL),(308,2,17,'2021-12-07 09:21:20','ประชุมทีม','',8,'2021-12-07 09:00:01','2021-12-07 18:00:00',1,NULL),(309,3,25,'2021-12-08 09:03:40','ประชุมการตลาด','',5,'2021-12-08 10:00:01','2021-12-08 12:00:00',1,NULL),(310,3,30,'2021-12-09 15:45:51','LDP','',7,'2021-12-13 09:00:01','2021-12-13 17:00:00',1,NULL),(311,2,21,'2021-12-09 18:21:54','ทีมสวล.+พทล.','',5,'2021-12-13 09:00:01','2021-12-13 12:00:00',1,NULL),(312,3,16,'2021-12-12 10:51:17','เครื่องวัดมัน หมูบด','',3,'2021-12-14 15:00:01','2021-12-14 16:30:00',1,NULL),(313,2,17,'2021-12-13 01:17:08','Envi&amp;Energy','',3,'2021-12-13 13:00:01','2021-12-13 18:00:00',1,NULL),(314,3,16,'2021-12-14 14:21:40','วิศวกรรม พี่ณัฐ','',10,'2021-12-21 09:00:01','2021-12-21 16:00:00',1,NULL),(315,3,18,'2021-12-16 16:53:12','LDP sausage + alginate','',5,'2021-12-20 09:00:01','2021-12-20 18:00:00',1,NULL),(316,1,16,'2021-12-19 21:43:15','พี่ยุทธ','',4,'2021-12-20 10:00:01','2021-12-20 12:00:00',1,NULL),(317,2,3,'2021-12-21 10:18:10','พี่เตย','',10,'2021-12-21 09:00:01','2021-12-21 12:00:00',1,NULL),(318,3,3,'2021-12-21 16:15:57','ความยั่งยืน CPF','',10,'2021-12-22 13:00:01','2021-12-22 18:00:00',1,NULL),(319,3,17,'2021-12-22 08:54:55','P&#039;Tay','',3,'2021-12-22 09:00:01','2021-12-22 13:00:00',1,NULL),(320,3,18,'2021-12-23 17:23:25','Alginate','',5,'2021-12-27 09:00:01','2021-12-27 18:00:00',1,NULL),(321,3,21,'2021-12-24 10:34:52','ระบบบำบัดน้ำเสีย','',5,'2022-01-06 08:30:01','2022-01-06 18:00:00',1,NULL),(322,3,21,'2021-12-24 10:35:48','ระบบบำบัดน้ำเสีย','',5,'2022-01-07 08:30:01','2022-01-07 18:00:00',1,NULL),(323,3,10,'2022-01-03 10:25:56','QA Meeting','',8,'2022-01-05 08:30:01','2022-01-05 18:00:00',1,NULL),(324,3,16,'2022-01-04 08:09:09','ปฐมนิเทศ','',4,'2022-01-04 08:30:01','2022-01-04 12:00:00',1,NULL),(325,3,16,'2022-01-04 14:52:25','เต้าหู้','',4,'2022-01-18 09:00:01','2022-01-18 11:00:00',1,NULL),(326,2,18,'2022-01-04 16:31:44','Alginate','',4,'2022-01-07 09:30:01','2022-01-07 12:00:00',1,NULL),(327,2,16,'2022-01-06 07:57:01','วิศวกรรม','',4,'2022-01-06 09:00:01','2022-01-06 17:00:00',1,NULL),(328,3,17,'2022-01-06 13:11:25','[Env&amp;Sustain] Weekly meeting','',5,'2022-01-11 10:00:01','2022-01-11 12:00:00',1,NULL),(329,3,1,'2022-01-07 19:06:02','พี่น้อย','',10,'2022-01-10 09:00:01','2022-01-10 15:00:00',1,NULL),(330,3,5,'2022-01-11 09:53:23','EV','',5,'2022-01-13 09:00:01','2022-01-13 16:00:00',1,NULL),(331,3,16,'2022-01-14 08:30:17','พี่ยุทธ','',1,'2022-01-14 09:00:01','2022-01-14 10:00:00',1,NULL),(332,3,17,'2022-01-14 09:00:05','Re100','',5,'2022-01-14 10:00:01','2022-01-14 18:00:00',1,NULL),(333,3,22,'2022-01-15 21:05:11','ดร.นริศ','',5,'2022-01-17 09:00:01','2022-01-17 17:00:00',1,NULL),(334,2,19,'2022-01-16 12:13:46','Rotary vacuum pack','',6,'2022-01-17 09:01:01','2022-01-17 17:01:00',1,NULL),(335,3,22,'2022-01-17 10:47:16','ดร.นริศ','',5,'2022-01-19 09:00:01','2022-01-19 17:00:00',1,NULL),(336,3,30,'2022-01-19 11:57:21','Ldp','',7,'2022-01-25 09:00:01','2022-01-25 17:00:00',1,NULL),(337,3,22,'2022-01-21 08:39:51','Rendering','',4,'2022-01-21 09:00:01','2022-01-21 17:00:00',1,NULL),(338,3,21,'2022-01-25 10:54:44','งานโรงเชือดหมูขอนแก่น','',6,'2022-01-26 13:00:01','2022-01-26 17:00:00',1,NULL),(339,3,4,'2022-01-26 19:45:39','QA','',10,'2022-02-02 08:00:01','2022-02-02 17:00:00',1,NULL),(340,3,21,'2022-01-31 10:04:07','Plant base','',4,'2022-01-31 13:00:01','2022-01-31 17:00:00',1,NULL),(341,3,16,'2022-02-01 11:15:58','Form A 2022','',4,'2022-02-04 13:00:01','2022-02-04 16:00:00',1,NULL),(342,3,5,'2022-02-01 11:22:19','P’not','',5,'2022-02-03 13:00:01','2022-02-03 18:00:00',1,NULL),(343,3,16,'2022-02-02 16:49:20','ราวแขวนหมูไก่','',4,'2022-02-09 11:00:01','2022-02-09 12:00:00',1,NULL);
/*!40000 ALTER TABLE `booking_reservation` ENABLE KEYS */;
UNLOCK TABLES;

--
-- Table structure for table `booking_reservation_data`
--

DROP TABLE IF EXISTS `booking_reservation_data`;
/*!40101 SET @saved_cs_client     = @@character_set_client */;
/*!40101 SET character_set_client = utf8 */;
CREATE TABLE `booking_reservation_data` (
  `reservation_id` int(11) NOT NULL,
  `name` varchar(20) COLLATE utf8_unicode_ci NOT NULL,
  `value` varchar(150) COLLATE utf8_unicode_ci NOT NULL,
  KEY `reservation_id` (`reservation_id`) USING BTREE
) ENGINE=MyISAM DEFAULT CHARSET=utf8 COLLATE=utf8_unicode_ci;
/*!40101 SET character_set_client = @saved_cs_client */;

--
-- Dumping data for table `booking_reservation_data`
--

LOCK TABLES `booking_reservation_data` WRITE;
/*!40000 ALTER TABLE `booking_reservation_data` DISABLE KEYS */;
INSERT INTO `booking_reservation_data` VALUES (1,'department','1'),(1,'use','1'),(6,'department','1'),(6,'use','1'),(3,'use','1'),(3,'department','1'),(4,'use','1'),(4,'department','1'),(5,'use','1'),(5,'department','1'),(7,'use','1'),(7,'department','2'),(7,'accessories','1'),(8,'use','1'),(8,'department','2'),(8,'accessories','1'),(9,'use','1'),(9,'department','1'),(10,'use','1'),(10,'department','1'),(11,'use','1'),(11,'department','1'),(12,'use','1'),(12,'department','1'),(13,'use','1'),(13,'department','1'),(14,'use','1'),(14,'department','1'),(15,'use','1'),(15,'department','1'),(16,'use','1'),(16,'department','2'),(17,'use','1'),(17,'department','1'),(18,'use','1'),(18,'department','1'),(20,'department','2'),(20,'use','1'),(20,'accessories','1'),(21,'department','1'),(21,'use','1'),(22,'use','1'),(22,'department','1'),(23,'use','1'),(23,'department','1'),(24,'use','1'),(24,'department','2'),(25,'use','1'),(25,'department','1'),(26,'use','1'),(26,'department','1'),(27,'use','1'),(29,'department','2'),(29,'use','1'),(27,'department','2'),(30,'use','1'),(30,'department','1'),(40,'department','1'),(40,'use','1'),(32,'use','1'),(32,'department','1'),(33,'use','1'),(33,'department','1'),(34,'use','1'),(34,'department','1'),(35,'use','1'),(35,'department','1'),(36,'use','1'),(36,'department','1'),(37,'use','1'),(37,'department','1'),(38,'use','1'),(38,'department','1'),(39,'use','1'),(39,'department','1'),(41,'use','1'),(41,'department','2'),(41,'accessories','1'),(42,'use','1'),(42,'department','1'),(43,'use','1'),(43,'department','1'),(44,'use','1'),(44,'department','1'),(45,'use','1'),(45,'department','1'),(46,'use','1'),(46,'department','1'),(47,'use','1'),(47,'department','1'),(48,'use','1'),(48,'department','1'),(49,'use','1'),(49,'department','1'),(50,'use','1'),(50,'department','1'),(51,'use','1'),(51,'department','1'),(52,'use','1'),(52,'department','1'),(53,'use','1'),(53,'department','1'),(54,'use','1'),(54,'department','2'),(55,'use','1'),(55,'department','1'),(56,'department','1'),(56,'use','1'),(57,'use','1'),(57,'department','1'),(58,'use','1'),(58,'department','1'),(59,'use','1'),(59,'department','1'),(60,'use','1'),(60,'department','1'),(61,'use','1'),(61,'department','1'),(62,'use','1'),(62,'department','1'),(63,'use','1'),(63,'department','1'),(64,'use','1'),(64,'department','1'),(65,'use','1'),(65,'department','1'),(66,'use','1'),(66,'department','1'),(67,'use','1'),(67,'department','1'),(68,'use','1'),(68,'department','1'),(69,'use','1'),(69,'department','1'),(70,'use','1'),(70,'department','1'),(71,'use','1'),(71,'department','1'),(72,'use','1'),(72,'department','1'),(73,'use','1'),(73,'department','1'),(74,'use','1'),(74,'department','1'),(75,'use','1'),(75,'department','1'),(76,'use','1'),(76,'department','1'),(77,'use','1'),(77,'department','1'),(78,'use','1'),(78,'department','1'),(79,'use','1'),(79,'department','1'),(80,'use','1'),(80,'department','1'),(81,'department','1'),(81,'use','1'),(82,'use','1'),(82,'department','1'),(83,'use','1'),(83,'department','1'),(84,'use','1'),(84,'department','1'),(90,'department','1'),(90,'use','1'),(86,'use','1'),(86,'department','1'),(87,'use','1'),(87,'department','1'),(88,'use','1'),(88,'department','1'),(89,'use','1'),(89,'department','1'),(91,'use','1'),(91,'department','2'),(106,'use','1'),(105,'accessories','1'),(93,'use','1'),(93,'department','1'),(94,'use','1'),(94,'department','2'),(95,'use','1'),(95,'department','2'),(96,'use','1'),(96,'department','1'),(97,'use','1'),(97,'department','1'),(98,'use','1'),(98,'department','1'),(99,'use','1'),(99,'department','1'),(100,'use','1'),(100,'department','1'),(106,'department','1'),(105,'use','1'),(105,'department','2'),(107,'use','1'),(107,'department','1'),(108,'use','1'),(108,'department','1'),(109,'use','1'),(109,'department','1'),(110,'use','1'),(110,'department','1'),(111,'use','1'),(111,'department','1'),(112,'use','1'),(112,'department','1'),(113,'use','1'),(113,'department','1'),(114,'use','1'),(114,'department','1'),(115,'use','1'),(115,'department','1'),(116,'use','1'),(116,'department','1'),(117,'use','1'),(117,'department','1'),(118,'use','1'),(118,'department','1'),(119,'use','1'),(119,'department','1'),(120,'use','1'),(120,'department','2'),(121,'use','1'),(121,'department','1'),(122,'use','1'),(122,'department','1'),(123,'use','1'),(123,'department','1'),(124,'use','1'),(124,'department','1'),(125,'use','1'),(125,'department','1'),(126,'use','1'),(126,'department','1'),(127,'use','1'),(127,'department','1'),(128,'use','1'),(128,'department','1'),(129,'use','1'),(129,'department','1'),(130,'use','1'),(130,'department','1'),(131,'use','1'),(131,'department','2'),(132,'use','1'),(132,'department','2'),(153,'use','1'),(134,'use','1'),(134,'department','2'),(135,'department','2'),(135,'use','1'),(136,'use','1'),(136,'department','1'),(137,'use','1'),(137,'department','1'),(138,'use','1'),(138,'department','1'),(139,'use','1'),(139,'department','1'),(140,'use','1'),(140,'department','1'),(141,'use','1'),(141,'department','1'),(142,'use','1'),(142,'department','1'),(143,'department','1'),(143,'use','1'),(144,'use','1'),(144,'department','2'),(145,'use','1'),(145,'department','2'),(146,'use','1'),(146,'department','1'),(153,'department','1'),(147,'use','1'),(147,'department','1'),(148,'use','1'),(148,'department','1'),(149,'use','1'),(149,'department','1'),(150,'use','1'),(150,'department','1'),(151,'use','1'),(151,'department','1'),(152,'use','1'),(152,'department','1'),(154,'use','1'),(154,'department','1'),(155,'use','1'),(155,'department','1'),(156,'use','1'),(156,'department','2'),(157,'use','1'),(157,'department','1'),(158,'use','1'),(158,'department','1'),(159,'use','1'),(159,'department','1'),(160,'use','1'),(160,'department','1'),(161,'use','1'),(161,'department','1'),(162,'use','1'),(162,'department','1'),(163,'use','1'),(163,'department','1'),(164,'use','1'),(164,'department','2'),(165,'use','1'),(165,'department','1'),(166,'use','1'),(166,'department','1'),(167,'use','1'),(167,'department','1'),(168,'use','1'),(168,'department','1'),(169,'use','1'),(169,'department','1'),(174,'department','1'),(174,'use','1'),(171,'use','1'),(171,'department','1'),(172,'use','1'),(172,'department','1'),(173,'use','1'),(173,'department','1'),(175,'use','1'),(175,'department','1'),(176,'use','1'),(176,'department','2'),(177,'use','1'),(177,'department','2'),(178,'use','1'),(178,'department','1'),(179,'use','1'),(179,'department','2'),(180,'use','1'),(180,'department','1'),(181,'use','1'),(181,'department','1'),(182,'use','1'),(182,'department','1'),(183,'use','1'),(183,'department','1'),(184,'use','1'),(184,'department','1'),(185,'use','1'),(185,'department','1'),(186,'use','1'),(186,'department','1'),(187,'use','1'),(187,'department','1'),(188,'use','1'),(188,'department','2'),(189,'use','1'),(189,'department','1'),(190,'use','1'),(190,'department','1'),(191,'use','1'),(191,'department','1'),(192,'use','1'),(192,'department','1'),(193,'use','1'),(193,'department','1'),(194,'use','1'),(194,'department','1'),(195,'use','1'),(195,'department','1'),(196,'use','1'),(196,'department','2'),(197,'use','1'),(197,'department','2'),(198,'use','1'),(198,'department','2'),(199,'use','1'),(199,'department','1'),(200,'use','1'),(200,'department','1'),(201,'use','1'),(201,'department','1'),(202,'use','1'),(202,'department','1'),(203,'use','1'),(203,'department','1'),(204,'use','1'),(204,'department','1'),(205,'use','1'),(205,'department','1'),(206,'use','1'),(206,'department','2'),(207,'use','1'),(207,'department','1'),(208,'use','1'),(208,'department','1'),(209,'use','1'),(209,'department','1'),(210,'use','1'),(210,'department','1'),(211,'use','1'),(211,'department','1'),(212,'use','1'),(212,'department','1'),(213,'use','1'),(213,'department','1'),(214,'use','1'),(214,'department','1'),(215,'use','1'),(215,'department','2'),(216,'use','1'),(216,'department','2'),(217,'use','1'),(217,'department','1'),(218,'use','1'),(218,'department','1'),(219,'use','1'),(219,'department','2'),(220,'use','1'),(220,'department','2'),(221,'use','1'),(221,'department','1'),(222,'use','1'),(222,'department','1'),(223,'use','1'),(223,'department','1'),(224,'use','1'),(224,'department','1'),(225,'use','1'),(225,'department','1'),(226,'use','1'),(226,'department','1'),(227,'use','1'),(227,'department','2'),(228,'use','1'),(228,'department','1'),(229,'use','1'),(229,'department','1'),(230,'use','1'),(230,'department','1'),(231,'use','1'),(231,'department','1'),(232,'use','1'),(232,'department','1'),(233,'use','1'),(233,'department','1'),(234,'use','1'),(234,'department','1'),(235,'use','1'),(235,'department','1'),(236,'use','1'),(236,'department','1'),(237,'use','1'),(237,'department','1'),(238,'use','1'),(238,'department','1'),(239,'use','1'),(239,'department','1'),(240,'use','1'),(240,'department','1'),(241,'use','1'),(241,'department','1'),(242,'use','1'),(242,'department','1'),(243,'use','1'),(243,'department','1'),(244,'use','1'),(244,'department','1'),(245,'use','1'),(245,'department','1'),(246,'use','1'),(246,'department','1'),(247,'use','1'),(247,'department','1'),(248,'use','1'),(248,'department','1'),(249,'use','1'),(249,'department','1'),(250,'use','1'),(250,'department','1'),(251,'use','1'),(251,'department','1'),(252,'use','1'),(252,'department','1'),(253,'use','1'),(253,'department','1'),(254,'use','1'),(254,'department','1'),(255,'use','1'),(255,'department','1'),(256,'use','1'),(256,'department','1'),(257,'use','1'),(257,'department','1'),(258,'use','1'),(258,'department','1'),(259,'use','1'),(259,'department','1'),(260,'use','1'),(260,'department','1'),(261,'use','1'),(261,'department','1'),(262,'use','1'),(262,'department','1'),(263,'use','1'),(263,'department','1'),(264,'use','1'),(264,'department','2'),(265,'use','1'),(265,'department','2'),(266,'use','1'),(266,'department','1'),(267,'use','1'),(267,'department','1'),(268,'use','1'),(268,'department','1'),(269,'use','1'),(269,'department','1'),(270,'use','1'),(270,'department','1'),(271,'use','1'),(271,'department','1'),(272,'use','1'),(272,'department','1'),(273,'use','1'),(273,'department','1'),(274,'use','1'),(274,'department','1'),(275,'use','1'),(275,'department','1'),(276,'use','1'),(276,'department','2'),(277,'use','1'),(277,'department','2'),(278,'use','1'),(278,'department','1'),(279,'use','1'),(279,'department','1'),(280,'use','1'),(280,'department','1'),(281,'use','1'),(281,'department','1'),(282,'use','1'),(282,'department','1'),(283,'use','1'),(283,'department','2'),(283,'accessories','1'),(284,'use','1'),(284,'department','2'),(285,'use','1'),(285,'department','1'),(286,'use','1'),(286,'department','2'),(287,'use','1'),(287,'department','2'),(288,'use','1'),(288,'department','1'),(289,'use','1'),(289,'department','1'),(290,'use','1'),(290,'department','1'),(291,'use','1'),(291,'department','1'),(292,'use','1'),(292,'department','1'),(293,'use','1'),(293,'department','1'),(294,'use','1'),(294,'department','1'),(295,'use','1'),(295,'department','1'),(296,'use','1'),(296,'department','1'),(297,'use','1'),(297,'department','1'),(298,'use','1'),(298,'department','1'),(299,'use','1'),(299,'department','1'),(300,'use','1'),(300,'department','1'),(301,'use','1'),(301,'department','1'),(302,'use','1'),(302,'department','1'),(303,'use','1'),(303,'department','1'),(304,'use','1'),(304,'department','1'),(305,'use','1'),(305,'department','1'),(306,'use','1'),(306,'department','1'),(307,'use','1'),(307,'department','1'),(308,'use','1'),(308,'department','1'),(309,'use','1'),(309,'department','2'),(309,'accessories','1'),(310,'use','1'),(310,'department','1'),(311,'use','1'),(311,'department','1'),(312,'use','1'),(312,'department','1'),(313,'use','1'),(313,'department','1'),(314,'use','1'),(314,'department','1'),(315,'use','1'),(315,'department','1'),(316,'use','1'),(316,'department','1'),(317,'use','1'),(317,'department','1'),(318,'use','1'),(318,'department','1'),(319,'use','1'),(319,'department','1'),(320,'use','1'),(320,'department','1'),(321,'use','1'),(321,'department','1'),(322,'use','1'),(322,'department','1'),(323,'use','1'),(323,'department','2'),(324,'use','1'),(324,'department','1'),(325,'use','1'),(325,'department','1'),(326,'use','1'),(326,'department','1'),(327,'use','1'),(327,'department','1'),(328,'use','1'),(328,'department','1'),(329,'use','1'),(329,'department','1'),(330,'use','1'),(330,'department','1'),(331,'use','1'),(331,'department','1'),(332,'use','1'),(332,'department','1'),(333,'use','1'),(333,'department','1'),(334,'use','1'),(334,'department','1'),(335,'use','1'),(335,'department','1'),(336,'use','1'),(336,'department','1'),(337,'use','1'),(337,'department','1'),(338,'use','1'),(338,'department','1'),(339,'use','1'),(339,'department','2'),(340,'use','1'),(340,'department','1'),(341,'use','1'),(341,'department','1'),(342,'use','1'),(342,'department','1'),(343,'use','1'),(343,'department','1');
/*!40000 ALTER TABLE `booking_reservation_data` ENABLE KEYS */;
UNLOCK TABLES;

--
-- Table structure for table `booking_rooms`
--

DROP TABLE IF EXISTS `booking_rooms`;
/*!40101 SET @saved_cs_client     = @@character_set_client */;
/*!40101 SET character_set_client = utf8 */;
CREATE TABLE `booking_rooms` (
  `id` int(11) NOT NULL AUTO_INCREMENT,
  `name` varchar(150) COLLATE utf8_unicode_ci NOT NULL,
  `detail` text COLLATE utf8_unicode_ci NOT NULL,
  `color` varchar(20) COLLATE utf8_unicode_ci NOT NULL,
  `published` int(1) NOT NULL DEFAULT '1',
  PRIMARY KEY (`id`)
) ENGINE=MyISAM AUTO_INCREMENT=5 DEFAULT CHARSET=utf8 COLLATE=utf8_unicode_ci;
/*!40101 SET character_set_client = @saved_cs_client */;

--
-- Dumping data for table `booking_rooms`
--

LOCK TABLES `booking_rooms` WRITE;
/*!40000 ALTER TABLE `booking_rooms` DISABLE KEYS */;
INSERT INTO `booking_rooms` VALUES (1,'โต๊ะประชุม QA','','#D85E9F',1),(4,'โต๊ะประชุมเล็ก','','#E75E34',1),(2,'โต๊ะประชุม ชัยโย','','#827717',1),(3,'ห้องประชุมใหญ่','','#356FC9',1);
/*!40000 ALTER TABLE `booking_rooms` ENABLE KEYS */;
UNLOCK TABLES;

--
-- Table structure for table `booking_rooms_meta`
--

DROP TABLE IF EXISTS `booking_rooms_meta`;
/*!40101 SET @saved_cs_client     = @@character_set_client */;
/*!40101 SET character_set_client = utf8 */;
CREATE TABLE `booking_rooms_meta` (
  `room_id` int(11) NOT NULL,
  `name` varchar(20) NOT NULL,
  `value` varchar(150) NOT NULL,
  KEY `room_id` (`room_id`) USING BTREE
) ENGINE=MyISAM DEFAULT CHARSET=utf8;
/*!40101 SET character_set_client = @saved_cs_client */;

--
-- Dumping data for table `booking_rooms_meta`
--

LOCK TABLES `booking_rooms_meta` WRITE;
/*!40000 ALTER TABLE `booking_rooms_meta` DISABLE KEYS */;
INSERT INTO `booking_rooms_meta` VALUES (2,'seats','4-6 คน'),(4,'seats','3'),(1,'seats','10 คน'),(4,'building','หน้าเครื่องปริ๊นเตอร์'),(3,'seats','20 คน');
/*!40000 ALTER TABLE `booking_rooms_meta` ENABLE KEYS */;
UNLOCK TABLES;

--
-- Table structure for table `booking_user`
--

DROP TABLE IF EXISTS `booking_user`;
/*!40101 SET @saved_cs_client     = @@character_set_client */;
/*!40101 SET character_set_client = utf8 */;
CREATE TABLE `booking_user` (
  `id` int(11) NOT NULL AUTO_INCREMENT,
  `username` varchar(50) COLLATE utf8_unicode_ci NOT NULL,
  `salt` varchar(32) COLLATE utf8_unicode_ci NOT NULL,
  `password` varchar(50) COLLATE utf8_unicode_ci NOT NULL,
  `token` varchar(50) COLLATE utf8_unicode_ci DEFAULT NULL,
  `status` tinyint(1) DEFAULT '0',
  `permission` text COLLATE utf8_unicode_ci NOT NULL,
  `name` varchar(150) COLLATE utf8_unicode_ci NOT NULL,
  `sex` varchar(1) COLLATE utf8_unicode_ci DEFAULT NULL,
  `id_card` varchar(13) COLLATE utf8_unicode_ci DEFAULT NULL,
  `address` varchar(150) COLLATE utf8_unicode_ci DEFAULT NULL,
  `phone` varchar(32) COLLATE utf8_unicode_ci DEFAULT NULL,
  `provinceID` varchar(3) COLLATE utf8_unicode_ci DEFAULT NULL,
  `province` varchar(50) COLLATE utf8_unicode_ci DEFAULT NULL,
  `zipcode` varchar(10) COLLATE utf8_unicode_ci DEFAULT NULL,
  `country` varchar(2) COLLATE utf8_unicode_ci DEFAULT NULL,
  `visited` int(11) DEFAULT '0',
  `lastvisited` int(11) DEFAULT '0',
  `session_id` varchar(32) COLLATE utf8_unicode_ci DEFAULT NULL,
  `ip` varchar(50) COLLATE utf8_unicode_ci DEFAULT NULL,
  `create_date` datetime DEFAULT NULL,
  `active` tinyint(1) DEFAULT '1',
  `social` tinyint(1) DEFAULT '0',
  PRIMARY KEY (`id`),
  KEY `username` (`username`),
  KEY `id_card` (`id_card`)
) ENGINE=MyISAM AUTO_INCREMENT=33 DEFAULT CHARSET=utf8 COLLATE=utf8_unicode_ci;
/*!40101 SET character_set_client = @saved_cs_client */;

--
-- Dumping data for table `booking_user`
--

LOCK TABLES `booking_user` WRITE;
/*!40000 ALTER TABLE `booking_user` DISABLE KEYS */;
INSERT INTO `booking_user` VALUES (1,'admin','5fcf3b5cd37e3','67d381b76060ca227e003063c46383d519610d56','4028a07900e5bcede53caaa9ddfc2cdf2f4d160f',1,'','แอดมิน',NULL,NULL,NULL,NULL,NULL,NULL,NULL,NULL,25,1641557112,'l1s3evd3853pomfh9i6jl2fin6','223.24.166.106','2020-12-08 08:37:48',1,0),(2,'Apisit','5fcf3f257c120','78b8bdc48a1565a632e022699d3cdcaf277612d0','e22d1226b40e27d845274ca2e720e0ffb8c769d3',0,',can_approve_room,','อิ๋ว','m','','','','','','','',1,1607417648,'26ij3u49l4gaavo0dk70mtkd56','202.176.123.128','2020-12-08 15:53:57',1,0),(3,'phacharamai.b','5fcf4410e8740','82b99ea7566633a3c084396508f97d5fb39dd890','4cab2e751fecf4a273e4ee2df9f27a62ba4f7ca3',1,',can_config,can_manage_room,can_approve_room,','เบลล่า','f','','','0839919292','','','','',44,1640078087,'fc5tgqiqcv6c5l2hou4smtsf27','171.96.174.39','2020-12-08 16:14:56',1,0),(4,'Amm','5fcf55f88f8ad','7291b25fbb78d00f2f257bc6cd4f8a1ef08faf2a','225d6e08e7790a8ca2b2634c05fc8b17731bbb23',1,',can_manage_room,can_approve_room,','Amm QA','f','','','','','','','',11,1643201030,'3a0b54964c5c9effff8c4079ac5b6057','49.228.197.96','2020-12-08 17:31:20',1,0),(5,'Kornsajee.riy@cpmail.in.th','5fd03417848e4','55b7721564a02aebf920d2854b00350823e62190','ae055ff32d190938ce8dfa85558ee29367f2d641',0,'','Kornsajee',NULL,NULL,NULL,NULL,NULL,NULL,NULL,NULL,29,1643689138,'kfhgf2ka7t0kmi5jhbj8h8udu4','182.232.189.204','2020-12-09 09:19:03',1,0),(6,'Thidarat.jit','5fd04ed498f15','ca63c545a263651dfd050e5030159694a71e3a28','ed16a4f115cf2c510fe993351ed5491e35254e72',0,'','Tukta',NULL,NULL,NULL,'0824973807',NULL,NULL,NULL,NULL,25,1638433575,'rq42phag07d0tiooa6bssrbnp6','58.8.174.130','2020-12-09 11:13:08',1,0),(7,'jiraphan','5fd0594fac4b5','5c49abb691ae0066f306c6a2dd886d4ea8de26df','0fa060c34f4a5ddb94f625fc83ea33cb218716de',0,',can_approve_room,','Mai QA','f','','','0837711558','','','','',5,1626322740,'95psmnncljhqi1vs7edrlqloq6','125.24.172.141','2020-12-09 11:57:51',1,0),(8,'umaporn','5fd0599d9debd','36993e3bcca1aafcfebd60729fb6c2be652f37e5',NULL,0,',can_approve_room,','Lee QA','f','','','0891353444','','','','',0,0,NULL,NULL,'2020-12-09 11:59:09',1,0),(9,'piyarat','5fd05aba7c0ab','79674a0830398264b1966827cb431d7034d0579e',NULL,0,',can_approve_room,','Tom QA','f','','','0891266282','','','','',0,0,NULL,NULL,'2020-12-09 12:03:54',1,0),(10,'jutima','5fd05b29a9e82','dc0a10e27e8f61df2e53c446db7a160f4e7fe6de','a7d72e72ac4a0fedc1e251d262d2de33351ec402',0,',can_approve_room,','Pook QA','f','','','0802284567','','','','',1,1608171383,'a7b8841dd1dc295ff5c0e0c742aff5e5','58.8.175.47','2020-12-09 12:05:45',1,0),(11,'chuleeporn','5fd05b6261c36','300c672f7a5635ab14e12337ee9dada3889a7c39','be95fa2305b5bdc0181b2b051ae3bccc0f2e1da1',0,',can_approve_room,','Ae QA','f','','','0841411881','','','','',3,1616932923,'ebc9jomibmcmv0j0h92gag1gl2','171.7.41.147','2020-12-09 12:06:42',1,0),(12,'jitchawalee','5fd05b9d554c8','63b4b66172b87df286b3b1a7ae35cf1a55013e4b','09cd590bf6d99fa072dead4bc8315f453430d8b0',0,',can_approve_room,','Tak QA','f','','','0656392665','','','','',1,1613019119,'3i7irhk9euer8vh3p10ib09bn4','182.232.146.91','2020-12-09 12:07:41',1,0),(13,'sasipan','5fd05bdf5e1d3','fc91a6887f67c0fed5f52d025cc72d00f5f56502','fb4a7c4c9c1e4cd1f1a34345fe8f3e1d4ad90f0b',0,',can_approve_room,','Rose QA','f','','','0809950207','','','','',1,1615172581,'675f5b82d442aaf6e40529b5097fa013','1.46.107.185','2020-12-09 12:08:47',1,0),(14,'patcharin','5fd05c476c27e','0407d36478ed3c8579f83485ea801b00067d899a',NULL,0,',can_approve_room,','Maysa QA','f','','','0905624949','','','','',0,0,NULL,NULL,'2020-12-09 12:10:31',1,0),(15,'ladda@cpf.co.th','5fd0a50b65fbc','81af27456ce6b9dfcedd401820f9308278864262','59d3fdaf8dc820561a45e1f28ab60618cde98a58',0,'','Ladda Kermanee',NULL,NULL,NULL,'0817931829',NULL,NULL,NULL,NULL,1,1607509368,'selujer7l9tbda16m103v40l33','58.8.175.198','2020-12-09 17:20:59',1,0),(16,'phimyana.jai@cpmail.in.th','5fd18f2ab23ff','96b774b6d948f16c2d352af65353acd490fa79ef','d77155e112239cdfc270ff39c3ed714898c1452c',0,'','ปิ๊ง',NULL,NULL,NULL,NULL,NULL,NULL,NULL,NULL,62,1643795296,'5jp7knn4usds94cq7h3cv2ukr6','171.97.98.103','2020-12-10 09:59:54',1,0),(17,'atp_pp@hotmail.com','5fd1a50ce8346','dd76b811f4d93ab1b56396fb82967abaf4c8200c','7200f463d958225f6490d2e6ce57f1bf1db3b267',0,'','Dr.Tay',NULL,NULL,NULL,'0818440440',NULL,NULL,NULL,NULL,24,1642125438,'c06am763tsksauo4t2fnl4uql4','58.8.181.25','2020-12-10 11:33:16',1,0),(18,'saksiwicha.kan@cpf.co.th','5fd81743ae1d1','a13054cc8dcd2ca4afb4b3becc3cbb28b4718214','b79079cb92b0019ed46dc361a5b9f8e5f1f810e5',0,'','ChaCha',NULL,NULL,NULL,NULL,NULL,NULL,NULL,NULL,1,1607997275,'aca3a7b432a36a08aa636c72c9f9c36a','124.120.117.204','2020-12-15 08:54:11',1,0),(19,'Pakorn.lar@cpmail.in.th','5fd8244543c89','faa09fb164b001bcefd999350594716786aae920','6f863000539649e46296d1d18bc8171cb80880d0',0,'','ปกรณ์ หล้ามะโน','m','','','0836155998','','','','',46,1642309832,'fglamu5o84srf0knrdpjfjrdi7','171.99.159.25','2020-12-15 09:49:41',1,0),(25,'ratana.p@cpf.co.th','603c68d6d1f00','75a9cfa75997d6960e0b743ec737cd7dcbf01a4e','c13d481bea4af248017c42f770766ded7610269f',0,'','Ratana P',NULL,NULL,NULL,'086-325-1995',NULL,NULL,NULL,NULL,9,1638928957,'oig5lri7m3uoibnqedhhia1du4','124.120.117.111','2021-03-01 11:08:54',1,0),(21,'Nannie','5fd9b62893d51','17514c616300d01f1987f1b3ee37f1336b3d20f9','7e6ce8ec05045baec981c33cf8e14ff2185edd17',0,'','Nutthitima Jamman',NULL,NULL,NULL,'0909544144',NULL,NULL,NULL,NULL,21,1643082820,'v7rgth0cfvpvifl2gjd55d1tu5','58.8.175.189','2020-12-16 14:24:24',1,0),(22,'Thanyarath.jew@cpmail.in.th','5ff2c7690e3c3','35fde1f2c194c95bd980e97566acb3a05f0dd7ee','7c8bd9908c4b035115b8aec00150e8bceb62fbe4',0,'','Sine',NULL,NULL,NULL,'0969974774',NULL,NULL,NULL,NULL,2,1610677640,'njpullmpqbrvtm9gv9r0m9uo22','119.76.29.75','2021-01-04 14:44:41',1,0),(23,'Chantarat.j@gmail.com','5ffc2505d9dc7','db475118412d66de85bc2f73b9b3620956b5c82b','3115e705e210bf92b66071a6c55a94aa5d369fc8',0,'','จันทรัตน์ จำลองราษฎร์',NULL,NULL,NULL,'0868912070',NULL,NULL,NULL,NULL,7,1623811798,'f3030fif5i51hdt49aaprfmhq1','49.230.58.61','2021-01-11 17:14:29',1,0),(24,'pat.han@cpf.co.th','600faf17cddeb','0187da4fb687ae8b66c55d33f44dc2553604c7a8','7d8d5d036449d091de8419adacf681cedef605d0',0,'','pat hanvatananuku',NULL,NULL,NULL,NULL,NULL,NULL,NULL,NULL,13,1633486792,'hoead3ouin6i7686laob3ngkr0','58.8.213.167','2021-01-26 12:56:39',1,0),(26,'sirichai.n@cpf.co.th','60515c047375f','01a3913c60cafa3734b3bdad981554ce2896f1b9','91d720eed00ad608b881f51d7c109a3d835cb2cb',0,'','Sirichai',NULL,NULL,NULL,NULL,NULL,NULL,NULL,NULL,1,1615944733,'49m1emmd4q3pjn19s0qaqbplr1','124.120.201.12','2021-03-17 08:31:48',1,0),(27,'wilat.cpf@gmail.com','608674d391993','7eca6b78444c1802b85adfbbf928b8a3c1c0cfa7','08fed6d3751eb68815d559ee96344c54c19cd754',0,'','WTx',NULL,NULL,NULL,NULL,NULL,NULL,NULL,NULL,2,1641557839,'846htf790g5n4lr0f9nv5baq77','223.204.225.180','2021-04-26 15:07:47',1,0),(29,'jarun@cpf.co.th','60d9a1309e255','341898c94df4c817775b541328c47616875a853c',NULL,0,'','จรัญ แป้นนางรอง',NULL,NULL,NULL,NULL,NULL,NULL,NULL,NULL,0,0,NULL,NULL,'2021-06-28 17:15:12',1,0),(28,'atp.pp.tay@gmail.com','60a5400b9a9c1','5a5e5b165bc7e67c08ccb00e7d8ea7b404d11627','16f48dec30a0e693f86846573ea4e8adb77a43ba',0,'','ATP',NULL,NULL,NULL,NULL,NULL,NULL,NULL,NULL,1,1621442584,'3fa0puqkjadlm6l92t8vdanhd0','49.49.247.208','2021-05-19 23:42:51',1,0),(30,'nattapong.jum@cpf.co.th','614c4707434b7','463a204e716ddba0ae28d7d9793bd4fe7c79fd72','1752eaaf02be81d58259830a536c458a19457b56',0,'','นัฐพงษ์ จำปาหอม','m','','','0850937482','','','','',4,1642568199,'3at0r1uea0nu2d6dj1is78ldc6','27.55.81.204','2021-09-23 16:21:11',1,0),(31,'prai.pha@cpmail.in.th','615c088302620','b1dbbcce9e87bb4c911d978c4f87ad7b7eddab9c','29da03ece33b12693a808bee6609e9de0fcf8e52',0,'','Prai Phanitcharoen',NULL,NULL,NULL,NULL,NULL,NULL,NULL,NULL,1,1633421464,'cc5ckbhh35p8lmr96udjaicg23','49.228.106.170','2021-10-05 15:10:43',1,0),(32,'thanate.s@cpf.co.th','617b9c344c1f9','cd6fb46b0a8e43d4d48d58067a4eb811ae613cbc','0bfdaedebe4c9f6eb4b9305a6e113c4f81c006b3',0,'','Thanate QA-FM','m','','','0876812564','','','','',3,1636002659,'sdp64q136hn56t5ds7uqi4vet0','27.55.81.208','2021-10-29 14:01:08',1,0);
/*!40000 ALTER TABLE `booking_user` ENABLE KEYS */;
UNLOCK TABLES;
/*!40103 SET TIME_ZONE=@OLD_TIME_ZONE */;

/*!40101 SET SQL_MODE=@OLD_SQL_MODE */;
/*!40014 SET FOREIGN_KEY_CHECKS=@OLD_FOREIGN_KEY_CHECKS */;
/*!40014 SET UNIQUE_CHECKS=@OLD_UNIQUE_CHECKS */;
/*!40101 SET CHARACTER_SET_CLIENT=@OLD_CHARACTER_SET_CLIENT */;
/*!40101 SET CHARACTER_SET_RESULTS=@OLD_CHARACTER_SET_RESULTS */;
/*!40101 SET COLLATION_CONNECTION=@OLD_COLLATION_CONNECTION */;
/*!40111 SET SQL_NOTES=@OLD_SQL_NOTES */;

-- Dump completed on 2022-02-03  0:40:12
